Name,Roll No,2026-08-03,2026-08-04,2026-08-05,2026-08-06,2026-08-07,2026-08-10,2026-08-11,2026-08-12,2026-08-13,2026-08-14
Aarav Shah,101,P,P,P,P,A,P,P,P,P,P
Bhavya Mehta,102,P,P,A,P,P,A,P,A,P,A
Chirag Nair,103,A,A,P,A,P,A,A,P,A,A
Divya Iyer,104,P,P,P,P,P,P,P,P,P,P
Esha Kapoor,105,A,P,A,A,A,P,A,A,P,A
Farhan Sheikh,106,P,P,P,A,P,P,A,P,P,P
Gauri Joshi,107,P,P,P,P,P,A,P,P,P,P
Harsh Patel,108,P,A,P,A,P,A,P,A,P,P
Isha Reddy,109,P,P,A,P,P,P,P,A,P,P
Jatin Malhotra,110,A,A,A,P,A,A,A,A,P,A
Kavya Menon,111,P,P,P,P,P,P,A,P,P,P
Lakshay Verma,112,P,A,P,P,A,P,P,P,A,P
